id,userId,productId,createdAt,guestId
1,41,3,2026-06-19T00:00:00Z,
2,42,40,2026-06-19T00:00:00Z,
3,43,77,2026-06-19T00:00:00Z,
4,44,14,2026-06-19T00:00:00Z,
5,45,51,2026-06-19T00:00:00Z,
6,46,88,2026-06-19T00:00:00Z,
7,47,25,2026-06-19T00:00:00Z,
8,48,62,2026-06-19T00:00:00Z,
9,49,99,2026-06-19T00:00:00Z,
10,50,36,2026-06-19T00:00:00Z,
11,51,73,2026-06-19T00:00:00Z,
12,52,10,2026-06-19T00:00:00Z,
13,53,47,2026-06-19T00:00:00Z,
14,54,84,2026-06-19T00:00:00Z,
15,55,21,2026-06-19T00:00:00Z,
16,56,58,2026-06-19T00:00:00Z,
17,57,95,2026-06-19T00:00:00Z,
18,58,32,2026-06-19T00:00:00Z,
19,59,69,2026-06-19T00:00:00Z,
20,60,6,2026-06-19T00:00:00Z,
21,61,43,2026-06-19T00:00:00Z,
22,62,80,2026-06-19T00:00:00Z,
23,63,17,2026-06-19T00:00:00Z,
24,64,54,2026-06-19T00:00:00Z,
25,65,91,2026-06-19T00:00:00Z,
26,66,28,2026-06-19T00:00:00Z,
27,67,65,2026-06-19T00:00:00Z,
28,68,102,2026-06-19T00:00:00Z,
29,69,39,2026-06-19T00:00:00Z,
30,70,76,2026-06-19T00:00:00Z,
31,71,13,2026-06-19T00:00:00Z,
32,72,50,2026-06-19T00:00:00Z,
33,73,87,2026-06-19T00:00:00Z,
34,74,24,2026-06-19T00:00:00Z,
35,75,61,2026-06-19T00:00:00Z,
36,76,98,2026-06-19T00:00:00Z,
37,77,35,2026-06-19T00:00:00Z,
38,78,72,2026-06-19T00:00:00Z,
39,79,9,2026-06-19T00:00:00Z,
40,80,46,2026-06-19T00:00:00Z,
41,81,83,2026-06-19T00:00:00Z,
42,82,20,2026-06-19T00:00:00Z,
43,83,57,2026-06-19T00:00:00Z,
44,84,94,2026-06-19T00:00:00Z,
45,85,31,2026-06-19T00:00:00Z,
46,86,68,2026-06-19T00:00:00Z,
47,87,5,2026-06-19T00:00:00Z,
48,88,42,2026-06-19T00:00:00Z,
49,89,79,2026-06-19T00:00:00Z,
50,90,16,2026-06-19T00:00:00Z,
51,91,53,2026-06-19T00:00:00Z,
52,92,90,2026-06-19T00:00:00Z,
53,93,27,2026-06-19T00:00:00Z,
54,94,64,2026-06-19T00:00:00Z,
55,95,101,2026-06-19T00:00:00Z,
56,96,38,2026-06-19T00:00:00Z,
57,97,75,2026-06-19T00:00:00Z,
58,98,12,2026-06-19T00:00:00Z,
59,99,49,2026-06-19T00:00:00Z,
60,100,86,2026-06-19T00:00:00Z,
61,101,23,2026-06-19T00:00:00Z,
62,102,60,2026-06-19T00:00:00Z,
63,103,97,2026-06-19T00:00:00Z,
64,104,34,2026-06-19T00:00:00Z,
65,105,71,2026-06-19T00:00:00Z,
66,106,8,2026-06-19T00:00:00Z,
67,107,45,2026-06-19T00:00:00Z,
68,108,82,2026-06-19T00:00:00Z,
69,109,19,2026-06-19T00:00:00Z,
70,110,56,2026-06-19T00:00:00Z,
71,111,93,2026-06-19T00:00:00Z,
72,112,30,2026-06-19T00:00:00Z,
73,113,67,2026-06-19T00:00:00Z,
74,114,4,2026-06-19T00:00:00Z,
75,115,41,2026-06-19T00:00:00Z,
76,116,78,2026-06-19T00:00:00Z,
77,117,15,2026-06-19T00:00:00Z,
78,118,52,2026-06-19T00:00:00Z,
79,119,89,2026-06-19T00:00:00Z,
80,120,26,2026-06-19T00:00:00Z,
81,121,63,2026-06-19T00:00:00Z,
82,122,100,2026-06-19T00:00:00Z,
83,123,37,2026-06-19T00:00:00Z,
84,124,74,2026-06-19T00:00:00Z,
85,125,11,2026-06-19T00:00:00Z,
86,126,48,2026-06-19T00:00:00Z,
87,127,85,2026-06-19T00:00:00Z,
88,128,22,2026-06-19T00:00:00Z,
89,129,59,2026-06-19T00:00:00Z,
90,130,96,2026-06-19T00:00:00Z,
91,131,33,2026-06-19T00:00:00Z,
92,132,70,2026-06-19T00:00:00Z,
93,133,7,2026-06-19T00:00:00Z,
94,134,44,2026-06-19T00:00:00Z,
95,135,81,2026-06-19T00:00:00Z,
96,136,18,2026-06-19T00:00:00Z,
97,137,55,2026-06-19T00:00:00Z,
98,138,92,2026-06-19T00:00:00Z,
99,139,29,2026-06-19T00:00:00Z,
100,140,66,2026-06-19T00:00:00Z,
101,41,4,2026-06-19T00:00:00Z,
102,42,41,2026-06-19T00:00:00Z,
103,43,78,2026-06-19T00:00:00Z,
104,44,15,2026-06-19T00:00:00Z,
105,45,52,2026-06-19T00:00:00Z,
106,46,89,2026-06-19T00:00:00Z,
107,47,26,2026-06-19T00:00:00Z,
108,48,63,2026-06-19T00:00:00Z,
109,49,100,2026-06-19T00:00:00Z,
110,50,37,2026-06-19T00:00:00Z,
111,51,74,2026-06-19T00:00:00Z,
112,52,11,2026-06-19T00:00:00Z,
113,53,48,2026-06-19T00:00:00Z,
114,54,85,2026-06-19T00:00:00Z,
115,55,22,2026-06-19T00:00:00Z,
116,56,59,2026-06-19T00:00:00Z,
117,57,96,2026-06-19T00:00:00Z,
118,58,33,2026-06-19T00:00:00Z,
119,59,70,2026-06-19T00:00:00Z,
120,60,7,2026-06-19T00:00:00Z,
121,61,44,2026-06-19T00:00:00Z,
122,62,81,2026-06-19T00:00:00Z,
123,63,18,2026-06-19T00:00:00Z,
124,64,55,2026-06-19T00:00:00Z,
125,65,92,2026-06-19T00:00:00Z,
126,66,29,2026-06-19T00:00:00Z,
127,67,66,2026-06-19T00:00:00Z,
128,68,3,2026-06-19T00:00:00Z,
129,69,40,2026-06-19T00:00:00Z,
130,70,77,2026-06-19T00:00:00Z,
131,71,14,2026-06-19T00:00:00Z,
132,72,51,2026-06-19T00:00:00Z,
133,73,88,2026-06-19T00:00:00Z,
134,74,25,2026-06-19T00:00:00Z,
135,75,62,2026-06-19T00:00:00Z,
136,76,99,2026-06-19T00:00:00Z,
137,77,36,2026-06-19T00:00:00Z,
138,78,73,2026-06-19T00:00:00Z,
139,79,10,2026-06-19T00:00:00Z,
140,80,47,2026-06-19T00:00:00Z,
141,81,84,2026-06-19T00:00:00Z,
142,82,21,2026-06-19T00:00:00Z,
143,83,58,2026-06-19T00:00:00Z,
144,84,95,2026-06-19T00:00:00Z,
145,85,32,2026-06-19T00:00:00Z,
146,86,69,2026-06-19T00:00:00Z,
147,87,6,2026-06-19T00:00:00Z,
148,88,43,2026-06-19T00:00:00Z,
149,89,80,2026-06-19T00:00:00Z,
150,90,17,2026-06-19T00:00:00Z,
151,91,54,2026-06-19T00:00:00Z,
152,92,91,2026-06-19T00:00:00Z,
153,93,28,2026-06-19T00:00:00Z,
154,94,65,2026-06-19T00:00:00Z,
155,95,102,2026-06-19T00:00:00Z,
156,96,39,2026-06-19T00:00:00Z,
157,97,76,2026-06-19T00:00:00Z,
158,98,13,2026-06-19T00:00:00Z,
159,99,50,2026-06-19T00:00:00Z,
160,100,87,2026-06-19T00:00:00Z,
161,101,24,2026-06-19T00:00:00Z,
162,102,61,2026-06-19T00:00:00Z,
163,103,98,2026-06-19T00:00:00Z,
164,104,35,2026-06-19T00:00:00Z,
165,105,72,2026-06-19T00:00:00Z,
166,106,9,2026-06-19T00:00:00Z,
167,107,46,2026-06-19T00:00:00Z,
168,108,83,2026-06-19T00:00:00Z,
169,109,20,2026-06-19T00:00:00Z,
170,110,57,2026-06-19T00:00:00Z,
171,111,94,2026-06-19T00:00:00Z,
172,112,31,2026-06-19T00:00:00Z,
173,113,68,2026-06-19T00:00:00Z,
174,114,5,2026-06-19T00:00:00Z,
175,115,42,2026-06-19T00:00:00Z,
176,116,79,2026-06-19T00:00:00Z,
177,117,16,2026-06-19T00:00:00Z,
178,118,53,2026-06-19T00:00:00Z,
179,119,90,2026-06-19T00:00:00Z,
180,120,27,2026-06-19T00:00:00Z,
181,121,64,2026-06-19T00:00:00Z,
182,122,101,2026-06-19T00:00:00Z,
183,123,38,2026-06-19T00:00:00Z,
184,124,75,2026-06-19T00:00:00Z,
185,125,12,2026-06-19T00:00:00Z,
186,126,49,2026-06-19T00:00:00Z,
187,127,86,2026-06-19T00:00:00Z,
188,128,23,2026-06-19T00:00:00Z,
189,129,60,2026-06-19T00:00:00Z,
190,130,97,2026-06-19T00:00:00Z,
191,131,34,2026-06-19T00:00:00Z,
192,132,71,2026-06-19T00:00:00Z,
193,133,8,2026-06-19T00:00:00Z,
194,134,45,2026-06-19T00:00:00Z,
195,135,82,2026-06-19T00:00:00Z,
196,136,19,2026-06-19T00:00:00Z,
197,137,56,2026-06-19T00:00:00Z,
198,138,93,2026-06-19T00:00:00Z,
199,139,30,2026-06-19T00:00:00Z,
200,140,67,2026-06-19T00:00:00Z,
201,41,5,2026-06-19T00:00:00Z,
202,42,42,2026-06-19T00:00:00Z,
203,43,79,2026-06-19T00:00:00Z,
204,44,16,2026-06-19T00:00:00Z,
205,45,53,2026-06-19T00:00:00Z,
206,46,90,2026-06-19T00:00:00Z,
207,47,27,2026-06-19T00:00:00Z,
208,48,64,2026-06-19T00:00:00Z,
209,49,101,2026-06-19T00:00:00Z,
210,50,38,2026-06-19T00:00:00Z,
211,51,75,2026-06-19T00:00:00Z,
212,52,12,2026-06-19T00:00:00Z,
213,53,49,2026-06-19T00:00:00Z,
214,54,86,2026-06-19T00:00:00Z,
215,55,23,2026-06-19T00:00:00Z,
216,56,60,2026-06-19T00:00:00Z,
217,57,97,2026-06-19T00:00:00Z,
218,58,34,2026-06-19T00:00:00Z,
219,59,71,2026-06-19T00:00:00Z,
220,60,8,2026-06-19T00:00:00Z,
221,61,45,2026-06-19T00:00:00Z,
222,62,82,2026-06-19T00:00:00Z,
223,63,19,2026-06-19T00:00:00Z,
224,64,56,2026-06-19T00:00:00Z,
225,65,93,2026-06-19T00:00:00Z,
226,66,30,2026-06-19T00:00:00Z,
227,67,67,2026-06-19T00:00:00Z,
228,68,4,2026-06-19T00:00:00Z,
229,69,41,2026-06-19T00:00:00Z,
230,70,78,2026-06-19T00:00:00Z,
231,71,15,2026-06-19T00:00:00Z,
232,72,52,2026-06-19T00:00:00Z,
233,73,89,2026-06-19T00:00:00Z,
234,74,26,2026-06-19T00:00:00Z,
235,75,63,2026-06-19T00:00:00Z,
236,76,100,2026-06-19T00:00:00Z,
237,77,37,2026-06-19T00:00:00Z,
238,78,74,2026-06-19T00:00:00Z,
239,79,11,2026-06-19T00:00:00Z,
240,80,48,2026-06-19T00:00:00Z,
241,81,85,2026-06-19T00:00:00Z,
242,82,22,2026-06-19T00:00:00Z,
243,83,59,2026-06-19T00:00:00Z,
244,84,96,2026-06-19T00:00:00Z,
245,85,33,2026-06-19T00:00:00Z,
246,86,70,2026-06-19T00:00:00Z,
247,87,7,2026-06-19T00:00:00Z,
248,88,44,2026-06-19T00:00:00Z,
249,89,81,2026-06-19T00:00:00Z,
250,90,18,2026-06-19T00:00:00Z,
251,91,55,2026-06-19T00:00:00Z,
252,92,92,2026-06-19T00:00:00Z,
253,93,29,2026-06-19T00:00:00Z,
254,94,66,2026-06-19T00:00:00Z,
255,95,3,2026-06-19T00:00:00Z,
256,96,40,2026-06-19T00:00:00Z,
257,97,77,2026-06-19T00:00:00Z,
258,98,14,2026-06-19T00:00:00Z,
259,99,51,2026-06-19T00:00:00Z,
260,100,88,2026-06-19T00:00:00Z,
261,101,25,2026-06-19T00:00:00Z,
262,102,62,2026-06-19T00:00:00Z,
263,103,99,2026-06-19T00:00:00Z,
264,104,36,2026-06-19T00:00:00Z,
265,105,73,2026-06-19T00:00:00Z,
266,106,10,2026-06-19T00:00:00Z,
267,107,47,2026-06-19T00:00:00Z,
268,108,84,2026-06-19T00:00:00Z,
269,109,21,2026-06-19T00:00:00Z,
270,110,58,2026-06-19T00:00:00Z,
271,111,95,2026-06-19T00:00:00Z,
272,112,32,2026-06-19T00:00:00Z,
273,113,69,2026-06-19T00:00:00Z,
274,114,6,2026-06-19T00:00:00Z,
275,115,43,2026-06-19T00:00:00Z,
276,116,80,2026-06-19T00:00:00Z,
277,117,17,2026-06-19T00:00:00Z,
278,118,54,2026-06-19T00:00:00Z,
279,119,91,2026-06-19T00:00:00Z,
280,120,28,2026-06-19T00:00:00Z,
281,121,65,2026-06-19T00:00:00Z,
282,122,102,2026-06-19T00:00:00Z,
283,123,39,2026-06-19T00:00:00Z,
284,124,76,2026-06-19T00:00:00Z,
285,125,13,2026-06-19T00:00:00Z,
286,126,50,2026-06-19T00:00:00Z,
287,127,87,2026-06-19T00:00:00Z,
288,128,24,2026-06-19T00:00:00Z,
289,129,61,2026-06-19T00:00:00Z,
290,130,98,2026-06-19T00:00:00Z,
291,131,35,2026-06-19T00:00:00Z,
292,132,72,2026-06-19T00:00:00Z,
293,133,9,2026-06-19T00:00:00Z,
294,134,46,2026-06-19T00:00:00Z,
295,135,83,2026-06-19T00:00:00Z,
296,136,20,2026-06-19T00:00:00Z,
297,137,57,2026-06-19T00:00:00Z,
298,138,94,2026-06-19T00:00:00Z,
299,139,31,2026-06-19T00:00:00Z,
300,140,68,2026-06-19T00:00:00Z,
301,41,6,2026-06-19T00:00:00Z,
302,42,43,2026-06-19T00:00:00Z,
303,43,80,2026-06-19T00:00:00Z,
304,44,17,2026-06-19T00:00:00Z,
305,45,54,2026-06-19T00:00:00Z,
306,46,91,2026-06-19T00:00:00Z,
307,47,28,2026-06-19T00:00:00Z,
308,48,65,2026-06-19T00:00:00Z,
309,49,102,2026-06-19T00:00:00Z,
310,50,39,2026-06-19T00:00:00Z,
311,51,76,2026-06-19T00:00:00Z,
312,52,13,2026-06-19T00:00:00Z,
313,53,50,2026-06-19T00:00:00Z,
314,54,87,2026-06-19T00:00:00Z,
315,55,24,2026-06-19T00:00:00Z,
316,56,61,2026-06-19T00:00:00Z,
317,57,98,2026-06-19T00:00:00Z,
318,58,35,2026-06-19T00:00:00Z,
319,59,72,2026-06-19T00:00:00Z,
320,60,9,2026-06-19T00:00:00Z,
321,61,46,2026-06-19T00:00:00Z,
322,62,83,2026-06-19T00:00:00Z,
323,63,20,2026-06-19T00:00:00Z,
324,64,57,2026-06-19T00:00:00Z,
325,65,94,2026-06-19T00:00:00Z,
326,66,31,2026-06-19T00:00:00Z,
327,67,68,2026-06-19T00:00:00Z,
328,68,5,2026-06-19T00:00:00Z,
329,69,42,2026-06-19T00:00:00Z,
330,70,79,2026-06-19T00:00:00Z,
331,71,16,2026-06-19T00:00:00Z,
332,72,53,2026-06-19T00:00:00Z,
333,73,90,2026-06-19T00:00:00Z,
334,74,27,2026-06-19T00:00:00Z,
335,75,64,2026-06-19T00:00:00Z,
336,76,101,2026-06-19T00:00:00Z,
337,77,38,2026-06-19T00:00:00Z,
338,78,75,2026-06-19T00:00:00Z,
339,79,12,2026-06-19T00:00:00Z,
340,80,49,2026-06-19T00:00:00Z,
341,81,86,2026-06-19T00:00:00Z,
342,82,23,2026-06-19T00:00:00Z,
343,83,60,2026-06-19T00:00:00Z,
344,84,97,2026-06-19T00:00:00Z,
345,85,34,2026-06-19T00:00:00Z,
346,86,71,2026-06-19T00:00:00Z,
347,87,8,2026-06-19T00:00:00Z,
348,88,45,2026-06-19T00:00:00Z,
349,89,82,2026-06-19T00:00:00Z,
350,90,19,2026-06-19T00:00:00Z,
