id,reviewId,userId,action,createdAt,updatedAt
1,1,42,UP,2026-06-20T00:00:00Z,2026-06-20T00:00:00Z
2,2,43,UP,2026-06-20T00:00:00Z,2026-06-20T00:00:00Z
3,3,44,UP,2026-06-20T00:00:00Z,2026-06-20T00:00:00Z
4,4,45,UP,2026-06-20T00:00:00Z,2026-06-20T00:00:00Z
5,5,46,DOWN,2026-06-20T00:00:00Z,2026-06-20T00:00:00Z
6,6,47,UP,2026-06-20T00:00:00Z,2026-06-20T00:00:00Z
7,7,48,UP,2026-06-20T00:00:00Z,2026-06-20T00:00:00Z
8,8,49,UP,2026-06-20T00:00:00Z,2026-06-20T00:00:00Z
9,9,50,UP,2026-06-20T00:00:00Z,2026-06-20T00:00:00Z
10,10,51,DOWN,2026-06-20T00:00:00Z,2026-06-20T00:00:00Z
11,11,52,UP,2026-06-20T00:00:00Z,2026-06-20T00:00:00Z
12,12,53,UP,2026-06-20T00:00:00Z,2026-06-20T00:00:00Z
13,13,54,UP,2026-06-20T00:00:00Z,2026-06-20T00:00:00Z
14,14,55,UP,2026-06-20T00:00:00Z,2026-06-20T00:00:00Z
15,15,56,DOWN,2026-06-20T00:00:00Z,2026-06-20T00:00:00Z
16,16,57,UP,2026-06-20T00:00:00Z,2026-06-20T00:00:00Z
17,17,58,UP,2026-06-20T00:00:00Z,2026-06-20T00:00:00Z
18,18,59,UP,2026-06-20T00:00:00Z,2026-06-20T00:00:00Z
19,19,60,UP,2026-06-20T00:00:00Z,2026-06-20T00:00:00Z
20,20,61,DOWN,2026-06-20T00:00:00Z,2026-06-20T00:00:00Z
21,21,62,UP,2026-06-20T00:00:00Z,2026-06-20T00:00:00Z
22,22,63,UP,2026-06-20T00:00:00Z,2026-06-20T00:00:00Z
23,23,64,UP,2026-06-20T00:00:00Z,2026-06-20T00:00:00Z
24,24,65,UP,2026-06-20T00:00:00Z,2026-06-20T00:00:00Z
25,25,66,DOWN,2026-06-20T00:00:00Z,2026-06-20T00:00:00Z
26,26,67,UP,2026-06-20T00:00:00Z,2026-06-20T00:00:00Z
27,27,68,UP,2026-06-20T00:00:00Z,2026-06-20T00:00:00Z
28,28,69,UP,2026-06-20T00:00:00Z,2026-06-20T00:00:00Z
29,29,70,UP,2026-06-20T00:00:00Z,2026-06-20T00:00:00Z
30,30,71,DOWN,2026-06-20T00:00:00Z,2026-06-20T00:00:00Z
31,31,72,UP,2026-06-20T00:00:00Z,2026-06-20T00:00:00Z
32,32,73,UP,2026-06-20T00:00:00Z,2026-06-20T00:00:00Z
33,33,74,UP,2026-06-20T00:00:00Z,2026-06-20T00:00:00Z
34,34,75,UP,2026-06-20T00:00:00Z,2026-06-20T00:00:00Z
35,35,76,DOWN,2026-06-20T00:00:00Z,2026-06-20T00:00:00Z
36,36,77,UP,2026-06-20T00:00:00Z,2026-06-20T00:00:00Z
37,37,78,UP,2026-06-20T00:00:00Z,2026-06-20T00:00:00Z
38,38,79,UP,2026-06-20T00:00:00Z,2026-06-20T00:00:00Z
39,39,80,UP,2026-06-20T00:00:00Z,2026-06-20T00:00:00Z
40,40,81,DOWN,2026-06-20T00:00:00Z,2026-06-20T00:00:00Z
41,41,82,UP,2026-06-20T00:00:00Z,2026-06-20T00:00:00Z
42,42,83,UP,2026-06-20T00:00:00Z,2026-06-20T00:00:00Z
43,43,84,UP,2026-06-20T00:00:00Z,2026-06-20T00:00:00Z
44,44,85,UP,2026-06-20T00:00:00Z,2026-06-20T00:00:00Z
45,45,86,DOWN,2026-06-20T00:00:00Z,2026-06-20T00:00:00Z
46,46,87,UP,2026-06-20T00:00:00Z,2026-06-20T00:00:00Z
47,47,88,UP,2026-06-20T00:00:00Z,2026-06-20T00:00:00Z
48,48,89,UP,2026-06-20T00:00:00Z,2026-06-20T00:00:00Z
49,49,90,UP,2026-06-20T00:00:00Z,2026-06-20T00:00:00Z
50,50,91,DOWN,2026-06-20T00:00:00Z,2026-06-20T00:00:00Z
51,51,92,UP,2026-06-20T00:00:00Z,2026-06-20T00:00:00Z
52,52,93,UP,2026-06-20T00:00:00Z,2026-06-20T00:00:00Z
53,53,94,UP,2026-06-20T00:00:00Z,2026-06-20T00:00:00Z
54,54,95,UP,2026-06-20T00:00:00Z,2026-06-20T00:00:00Z
55,55,96,DOWN,2026-06-20T00:00:00Z,2026-06-20T00:00:00Z
56,56,97,UP,2026-06-20T00:00:00Z,2026-06-20T00:00:00Z
57,57,98,UP,2026-06-20T00:00:00Z,2026-06-20T00:00:00Z
58,58,99,UP,2026-06-20T00:00:00Z,2026-06-20T00:00:00Z
59,59,100,UP,2026-06-20T00:00:00Z,2026-06-20T00:00:00Z
60,60,101,DOWN,2026-06-20T00:00:00Z,2026-06-20T00:00:00Z
61,61,102,UP,2026-06-20T00:00:00Z,2026-06-20T00:00:00Z
62,62,103,UP,2026-06-20T00:00:00Z,2026-06-20T00:00:00Z
63,63,104,UP,2026-06-20T00:00:00Z,2026-06-20T00:00:00Z
64,64,105,UP,2026-06-20T00:00:00Z,2026-06-20T00:00:00Z
65,65,106,DOWN,2026-06-20T00:00:00Z,2026-06-20T00:00:00Z
66,66,107,UP,2026-06-20T00:00:00Z,2026-06-20T00:00:00Z
67,67,108,UP,2026-06-20T00:00:00Z,2026-06-20T00:00:00Z
68,68,109,UP,2026-06-20T00:00:00Z,2026-06-20T00:00:00Z
69,69,110,UP,2026-06-20T00:00:00Z,2026-06-20T00:00:00Z
70,70,111,DOWN,2026-06-20T00:00:00Z,2026-06-20T00:00:00Z
71,71,112,UP,2026-06-20T00:00:00Z,2026-06-20T00:00:00Z
72,72,113,UP,2026-06-20T00:00:00Z,2026-06-20T00:00:00Z
73,73,114,UP,2026-06-20T00:00:00Z,2026-06-20T00:00:00Z
74,74,115,UP,2026-06-20T00:00:00Z,2026-06-20T00:00:00Z
75,75,116,DOWN,2026-06-20T00:00:00Z,2026-06-20T00:00:00Z
76,76,117,UP,2026-06-20T00:00:00Z,2026-06-20T00:00:00Z
77,77,118,UP,2026-06-20T00:00:00Z,2026-06-20T00:00:00Z
78,78,119,UP,2026-06-20T00:00:00Z,2026-06-20T00:00:00Z
79,79,120,UP,2026-06-20T00:00:00Z,2026-06-20T00:00:00Z
80,80,121,DOWN,2026-06-20T00:00:00Z,2026-06-20T00:00:00Z
81,81,122,UP,2026-06-20T00:00:00Z,2026-06-20T00:00:00Z
82,82,123,UP,2026-06-20T00:00:00Z,2026-06-20T00:00:00Z
83,83,124,UP,2026-06-20T00:00:00Z,2026-06-20T00:00:00Z
84,84,125,UP,2026-06-20T00:00:00Z,2026-06-20T00:00:00Z
85,85,126,DOWN,2026-06-20T00:00:00Z,2026-06-20T00:00:00Z
86,86,127,UP,2026-06-20T00:00:00Z,2026-06-20T00:00:00Z
87,87,128,UP,2026-06-20T00:00:00Z,2026-06-20T00:00:00Z
88,88,129,UP,2026-06-20T00:00:00Z,2026-06-20T00:00:00Z
89,89,130,UP,2026-06-20T00:00:00Z,2026-06-20T00:00:00Z
90,90,131,DOWN,2026-06-20T00:00:00Z,2026-06-20T00:00:00Z
91,91,132,UP,2026-06-20T00:00:00Z,2026-06-20T00:00:00Z
92,92,133,UP,2026-06-20T00:00:00Z,2026-06-20T00:00:00Z
93,93,134,UP,2026-06-20T00:00:00Z,2026-06-20T00:00:00Z
94,94,135,UP,2026-06-20T00:00:00Z,2026-06-20T00:00:00Z
95,95,136,DOWN,2026-06-20T00:00:00Z,2026-06-20T00:00:00Z
96,96,137,UP,2026-06-20T00:00:00Z,2026-06-20T00:00:00Z
97,97,138,UP,2026-06-20T00:00:00Z,2026-06-20T00:00:00Z
98,98,139,UP,2026-06-20T00:00:00Z,2026-06-20T00:00:00Z
99,99,140,UP,2026-06-20T00:00:00Z,2026-06-20T00:00:00Z
100,100,41,DOWN,2026-06-20T00:00:00Z,2026-06-20T00:00:00Z
101,101,42,UP,2026-06-20T00:00:00Z,2026-06-20T00:00:00Z
102,102,43,UP,2026-06-20T00:00:00Z,2026-06-20T00:00:00Z
103,103,44,UP,2026-06-20T00:00:00Z,2026-06-20T00:00:00Z
104,104,45,UP,2026-06-20T00:00:00Z,2026-06-20T00:00:00Z
105,105,46,DOWN,2026-06-20T00:00:00Z,2026-06-20T00:00:00Z
106,106,47,UP,2026-06-20T00:00:00Z,2026-06-20T00:00:00Z
107,107,48,UP,2026-06-20T00:00:00Z,2026-06-20T00:00:00Z
108,108,49,UP,2026-06-20T00:00:00Z,2026-06-20T00:00:00Z
109,109,50,UP,2026-06-20T00:00:00Z,2026-06-20T00:00:00Z
110,110,51,DOWN,2026-06-20T00:00:00Z,2026-06-20T00:00:00Z
111,111,52,UP,2026-06-20T00:00:00Z,2026-06-20T00:00:00Z
112,112,53,UP,2026-06-20T00:00:00Z,2026-06-20T00:00:00Z
113,113,54,UP,2026-06-20T00:00:00Z,2026-06-20T00:00:00Z
114,114,55,UP,2026-06-20T00:00:00Z,2026-06-20T00:00:00Z
115,115,56,DOWN,2026-06-20T00:00:00Z,2026-06-20T00:00:00Z
116,116,57,UP,2026-06-20T00:00:00Z,2026-06-20T00:00:00Z
117,117,58,UP,2026-06-20T00:00:00Z,2026-06-20T00:00:00Z
118,118,59,UP,2026-06-20T00:00:00Z,2026-06-20T00:00:00Z
119,119,60,UP,2026-06-20T00:00:00Z,2026-06-20T00:00:00Z
120,120,61,DOWN,2026-06-20T00:00:00Z,2026-06-20T00:00:00Z
121,121,62,UP,2026-06-20T00:00:00Z,2026-06-20T00:00:00Z
122,122,63,UP,2026-06-20T00:00:00Z,2026-06-20T00:00:00Z
123,123,64,UP,2026-06-20T00:00:00Z,2026-06-20T00:00:00Z
124,124,65,UP,2026-06-20T00:00:00Z,2026-06-20T00:00:00Z
125,125,66,DOWN,2026-06-20T00:00:00Z,2026-06-20T00:00:00Z
126,126,67,UP,2026-06-20T00:00:00Z,2026-06-20T00:00:00Z
127,127,68,UP,2026-06-20T00:00:00Z,2026-06-20T00:00:00Z
128,128,69,UP,2026-06-20T00:00:00Z,2026-06-20T00:00:00Z
129,129,70,UP,2026-06-20T00:00:00Z,2026-06-20T00:00:00Z
130,130,71,DOWN,2026-06-20T00:00:00Z,2026-06-20T00:00:00Z
131,131,72,UP,2026-06-20T00:00:00Z,2026-06-20T00:00:00Z
132,132,73,UP,2026-06-20T00:00:00Z,2026-06-20T00:00:00Z
133,133,74,UP,2026-06-20T00:00:00Z,2026-06-20T00:00:00Z
134,134,75,UP,2026-06-20T00:00:00Z,2026-06-20T00:00:00Z
135,135,76,DOWN,2026-06-20T00:00:00Z,2026-06-20T00:00:00Z
136,136,77,UP,2026-06-20T00:00:00Z,2026-06-20T00:00:00Z
137,137,78,UP,2026-06-20T00:00:00Z,2026-06-20T00:00:00Z
138,138,79,UP,2026-06-20T00:00:00Z,2026-06-20T00:00:00Z
139,139,80,UP,2026-06-20T00:00:00Z,2026-06-20T00:00:00Z
140,140,81,DOWN,2026-06-20T00:00:00Z,2026-06-20T00:00:00Z
141,141,82,UP,2026-06-20T00:00:00Z,2026-06-20T00:00:00Z
142,142,83,UP,2026-06-20T00:00:00Z,2026-06-20T00:00:00Z
143,143,84,UP,2026-06-20T00:00:00Z,2026-06-20T00:00:00Z
144,144,85,UP,2026-06-20T00:00:00Z,2026-06-20T00:00:00Z
145,145,86,DOWN,2026-06-20T00:00:00Z,2026-06-20T00:00:00Z
146,146,87,UP,2026-06-20T00:00:00Z,2026-06-20T00:00:00Z
147,147,88,UP,2026-06-20T00:00:00Z,2026-06-20T00:00:00Z
148,148,89,UP,2026-06-20T00:00:00Z,2026-06-20T00:00:00Z
149,149,90,UP,2026-06-20T00:00:00Z,2026-06-20T00:00:00Z
150,150,91,DOWN,2026-06-20T00:00:00Z,2026-06-20T00:00:00Z
151,151,92,UP,2026-06-20T00:00:00Z,2026-06-20T00:00:00Z
152,152,93,UP,2026-06-20T00:00:00Z,2026-06-20T00:00:00Z
153,153,94,UP,2026-06-20T00:00:00Z,2026-06-20T00:00:00Z
154,154,95,UP,2026-06-20T00:00:00Z,2026-06-20T00:00:00Z
155,155,96,DOWN,2026-06-20T00:00:00Z,2026-06-20T00:00:00Z
156,156,97,UP,2026-06-20T00:00:00Z,2026-06-20T00:00:00Z
157,157,98,UP,2026-06-20T00:00:00Z,2026-06-20T00:00:00Z
158,158,99,UP,2026-06-20T00:00:00Z,2026-06-20T00:00:00Z
159,159,100,UP,2026-06-20T00:00:00Z,2026-06-20T00:00:00Z
160,160,101,DOWN,2026-06-20T00:00:00Z,2026-06-20T00:00:00Z
161,161,102,UP,2026-06-20T00:00:00Z,2026-06-20T00:00:00Z
162,162,103,UP,2026-06-20T00:00:00Z,2026-06-20T00:00:00Z
163,163,104,UP,2026-06-20T00:00:00Z,2026-06-20T00:00:00Z
164,164,105,UP,2026-06-20T00:00:00Z,2026-06-20T00:00:00Z
165,165,106,DOWN,2026-06-20T00:00:00Z,2026-06-20T00:00:00Z
166,166,107,UP,2026-06-20T00:00:00Z,2026-06-20T00:00:00Z
167,167,108,UP,2026-06-20T00:00:00Z,2026-06-20T00:00:00Z
168,168,109,UP,2026-06-20T00:00:00Z,2026-06-20T00:00:00Z
169,169,110,UP,2026-06-20T00:00:00Z,2026-06-20T00:00:00Z
170,170,111,DOWN,2026-06-20T00:00:00Z,2026-06-20T00:00:00Z
171,171,112,UP,2026-06-20T00:00:00Z,2026-06-20T00:00:00Z
172,172,113,UP,2026-06-20T00:00:00Z,2026-06-20T00:00:00Z
173,173,114,UP,2026-06-20T00:00:00Z,2026-06-20T00:00:00Z
174,174,115,UP,2026-06-20T00:00:00Z,2026-06-20T00:00:00Z
175,175,116,DOWN,2026-06-20T00:00:00Z,2026-06-20T00:00:00Z
176,176,117,UP,2026-06-20T00:00:00Z,2026-06-20T00:00:00Z
177,177,118,UP,2026-06-20T00:00:00Z,2026-06-20T00:00:00Z
178,178,119,UP,2026-06-20T00:00:00Z,2026-06-20T00:00:00Z
179,179,120,UP,2026-06-20T00:00:00Z,2026-06-20T00:00:00Z
180,180,121,DOWN,2026-06-20T00:00:00Z,2026-06-20T00:00:00Z
181,181,122,UP,2026-06-20T00:00:00Z,2026-06-20T00:00:00Z
182,182,123,UP,2026-06-20T00:00:00Z,2026-06-20T00:00:00Z
183,183,124,UP,2026-06-20T00:00:00Z,2026-06-20T00:00:00Z
184,184,125,UP,2026-06-20T00:00:00Z,2026-06-20T00:00:00Z
185,185,126,DOWN,2026-06-20T00:00:00Z,2026-06-20T00:00:00Z
186,186,127,UP,2026-06-20T00:00:00Z,2026-06-20T00:00:00Z
187,187,128,UP,2026-06-20T00:00:00Z,2026-06-20T00:00:00Z
188,188,129,UP,2026-06-20T00:00:00Z,2026-06-20T00:00:00Z
189,189,130,UP,2026-06-20T00:00:00Z,2026-06-20T00:00:00Z
190,190,131,DOWN,2026-06-20T00:00:00Z,2026-06-20T00:00:00Z
191,191,132,UP,2026-06-20T00:00:00Z,2026-06-20T00:00:00Z
192,192,133,UP,2026-06-20T00:00:00Z,2026-06-20T00:00:00Z
193,193,134,UP,2026-06-20T00:00:00Z,2026-06-20T00:00:00Z
194,194,135,UP,2026-06-20T00:00:00Z,2026-06-20T00:00:00Z
195,195,136,DOWN,2026-06-20T00:00:00Z,2026-06-20T00:00:00Z
196,196,137,UP,2026-06-20T00:00:00Z,2026-06-20T00:00:00Z
197,197,138,UP,2026-06-20T00:00:00Z,2026-06-20T00:00:00Z
198,198,139,UP,2026-06-20T00:00:00Z,2026-06-20T00:00:00Z
199,199,140,UP,2026-06-20T00:00:00Z,2026-06-20T00:00:00Z
200,200,41,DOWN,2026-06-20T00:00:00Z,2026-06-20T00:00:00Z
201,201,42,UP,2026-06-20T00:00:00Z,2026-06-20T00:00:00Z
202,202,43,UP,2026-06-20T00:00:00Z,2026-06-20T00:00:00Z
203,203,44,UP,2026-06-20T00:00:00Z,2026-06-20T00:00:00Z
204,204,45,UP,2026-06-20T00:00:00Z,2026-06-20T00:00:00Z
205,205,46,DOWN,2026-06-20T00:00:00Z,2026-06-20T00:00:00Z
206,206,47,UP,2026-06-20T00:00:00Z,2026-06-20T00:00:00Z
207,207,48,UP,2026-06-20T00:00:00Z,2026-06-20T00:00:00Z
208,208,49,UP,2026-06-20T00:00:00Z,2026-06-20T00:00:00Z
209,209,50,UP,2026-06-20T00:00:00Z,2026-06-20T00:00:00Z
210,210,51,DOWN,2026-06-20T00:00:00Z,2026-06-20T00:00:00Z
211,211,52,UP,2026-06-20T00:00:00Z,2026-06-20T00:00:00Z
212,212,53,UP,2026-06-20T00:00:00Z,2026-06-20T00:00:00Z
213,213,54,UP,2026-06-20T00:00:00Z,2026-06-20T00:00:00Z
214,214,55,UP,2026-06-20T00:00:00Z,2026-06-20T00:00:00Z
215,215,56,DOWN,2026-06-20T00:00:00Z,2026-06-20T00:00:00Z
216,216,57,UP,2026-06-20T00:00:00Z,2026-06-20T00:00:00Z
217,217,58,UP,2026-06-20T00:00:00Z,2026-06-20T00:00:00Z
218,218,59,UP,2026-06-20T00:00:00Z,2026-06-20T00:00:00Z
219,219,60,UP,2026-06-20T00:00:00Z,2026-06-20T00:00:00Z
220,220,61,DOWN,2026-06-20T00:00:00Z,2026-06-20T00:00:00Z
221,221,62,UP,2026-06-20T00:00:00Z,2026-06-20T00:00:00Z
222,222,63,UP,2026-06-20T00:00:00Z,2026-06-20T00:00:00Z
223,223,64,UP,2026-06-20T00:00:00Z,2026-06-20T00:00:00Z
224,224,65,UP,2026-06-20T00:00:00Z,2026-06-20T00:00:00Z
225,225,66,DOWN,2026-06-20T00:00:00Z,2026-06-20T00:00:00Z
226,226,67,UP,2026-06-20T00:00:00Z,2026-06-20T00:00:00Z
227,227,68,UP,2026-06-20T00:00:00Z,2026-06-20T00:00:00Z
228,228,69,UP,2026-06-20T00:00:00Z,2026-06-20T00:00:00Z
229,229,70,UP,2026-06-20T00:00:00Z,2026-06-20T00:00:00Z
230,230,71,DOWN,2026-06-20T00:00:00Z,2026-06-20T00:00:00Z
231,231,72,UP,2026-06-20T00:00:00Z,2026-06-20T00:00:00Z
232,232,73,UP,2026-06-20T00:00:00Z,2026-06-20T00:00:00Z
233,233,74,UP,2026-06-20T00:00:00Z,2026-06-20T00:00:00Z
234,234,75,UP,2026-06-20T00:00:00Z,2026-06-20T00:00:00Z
235,235,76,DOWN,2026-06-20T00:00:00Z,2026-06-20T00:00:00Z
236,236,77,UP,2026-06-20T00:00:00Z,2026-06-20T00:00:00Z
237,237,78,UP,2026-06-20T00:00:00Z,2026-06-20T00:00:00Z
238,238,79,UP,2026-06-20T00:00:00Z,2026-06-20T00:00:00Z
239,239,80,UP,2026-06-20T00:00:00Z,2026-06-20T00:00:00Z
240,240,81,DOWN,2026-06-20T00:00:00Z,2026-06-20T00:00:00Z
241,241,82,UP,2026-06-20T00:00:00Z,2026-06-20T00:00:00Z
242,242,83,UP,2026-06-20T00:00:00Z,2026-06-20T00:00:00Z
243,243,84,UP,2026-06-20T00:00:00Z,2026-06-20T00:00:00Z
244,244,85,UP,2026-06-20T00:00:00Z,2026-06-20T00:00:00Z
245,245,86,DOWN,2026-06-20T00:00:00Z,2026-06-20T00:00:00Z
246,246,87,UP,2026-06-20T00:00:00Z,2026-06-20T00:00:00Z
247,247,88,UP,2026-06-20T00:00:00Z,2026-06-20T00:00:00Z
248,248,89,UP,2026-06-20T00:00:00Z,2026-06-20T00:00:00Z
249,249,90,UP,2026-06-20T00:00:00Z,2026-06-20T00:00:00Z
250,250,91,DOWN,2026-06-20T00:00:00Z,2026-06-20T00:00:00Z
251,251,92,UP,2026-06-20T00:00:00Z,2026-06-20T00:00:00Z
252,252,93,UP,2026-06-20T00:00:00Z,2026-06-20T00:00:00Z
253,253,94,UP,2026-06-20T00:00:00Z,2026-06-20T00:00:00Z
254,254,95,UP,2026-06-20T00:00:00Z,2026-06-20T00:00:00Z
255,255,96,DOWN,2026-06-20T00:00:00Z,2026-06-20T00:00:00Z
256,256,97,UP,2026-06-20T00:00:00Z,2026-06-20T00:00:00Z
257,257,98,UP,2026-06-20T00:00:00Z,2026-06-20T00:00:00Z
258,258,99,UP,2026-06-20T00:00:00Z,2026-06-20T00:00:00Z
259,259,100,UP,2026-06-20T00:00:00Z,2026-06-20T00:00:00Z
260,260,101,DOWN,2026-06-20T00:00:00Z,2026-06-20T00:00:00Z
261,261,102,UP,2026-06-20T00:00:00Z,2026-06-20T00:00:00Z
262,262,103,UP,2026-06-20T00:00:00Z,2026-06-20T00:00:00Z
263,263,104,UP,2026-06-20T00:00:00Z,2026-06-20T00:00:00Z
264,264,105,UP,2026-06-20T00:00:00Z,2026-06-20T00:00:00Z
265,265,106,DOWN,2026-06-20T00:00:00Z,2026-06-20T00:00:00Z
266,266,107,UP,2026-06-20T00:00:00Z,2026-06-20T00:00:00Z
267,267,108,UP,2026-06-20T00:00:00Z,2026-06-20T00:00:00Z
268,268,109,UP,2026-06-20T00:00:00Z,2026-06-20T00:00:00Z
269,269,110,UP,2026-06-20T00:00:00Z,2026-06-20T00:00:00Z
270,270,111,DOWN,2026-06-20T00:00:00Z,2026-06-20T00:00:00Z
271,271,112,UP,2026-06-20T00:00:00Z,2026-06-20T00:00:00Z
272,272,113,UP,2026-06-20T00:00:00Z,2026-06-20T00:00:00Z
273,273,114,UP,2026-06-20T00:00:00Z,2026-06-20T00:00:00Z
274,274,115,UP,2026-06-20T00:00:00Z,2026-06-20T00:00:00Z
275,275,116,DOWN,2026-06-20T00:00:00Z,2026-06-20T00:00:00Z
276,276,117,UP,2026-06-20T00:00:00Z,2026-06-20T00:00:00Z
277,277,118,UP,2026-06-20T00:00:00Z,2026-06-20T00:00:00Z
278,278,119,UP,2026-06-20T00:00:00Z,2026-06-20T00:00:00Z
279,279,120,UP,2026-06-20T00:00:00Z,2026-06-20T00:00:00Z
280,280,121,DOWN,2026-06-20T00:00:00Z,2026-06-20T00:00:00Z
281,281,122,UP,2026-06-20T00:00:00Z,2026-06-20T00:00:00Z
282,282,123,UP,2026-06-20T00:00:00Z,2026-06-20T00:00:00Z
283,283,124,UP,2026-06-20T00:00:00Z,2026-06-20T00:00:00Z
284,284,125,UP,2026-06-20T00:00:00Z,2026-06-20T00:00:00Z
285,285,126,DOWN,2026-06-20T00:00:00Z,2026-06-20T00:00:00Z
286,286,127,UP,2026-06-20T00:00:00Z,2026-06-20T00:00:00Z
287,287,128,UP,2026-06-20T00:00:00Z,2026-06-20T00:00:00Z
288,288,129,UP,2026-06-20T00:00:00Z,2026-06-20T00:00:00Z
289,289,130,UP,2026-06-20T00:00:00Z,2026-06-20T00:00:00Z
290,290,131,DOWN,2026-06-20T00:00:00Z,2026-06-20T00:00:00Z
291,291,132,UP,2026-06-20T00:00:00Z,2026-06-20T00:00:00Z
292,292,133,UP,2026-06-20T00:00:00Z,2026-06-20T00:00:00Z
293,293,134,UP,2026-06-20T00:00:00Z,2026-06-20T00:00:00Z
294,294,135,UP,2026-06-20T00:00:00Z,2026-06-20T00:00:00Z
295,295,136,DOWN,2026-06-20T00:00:00Z,2026-06-20T00:00:00Z
296,296,137,UP,2026-06-20T00:00:00Z,2026-06-20T00:00:00Z
297,297,138,UP,2026-06-20T00:00:00Z,2026-06-20T00:00:00Z
298,298,139,UP,2026-06-20T00:00:00Z,2026-06-20T00:00:00Z
299,299,140,UP,2026-06-20T00:00:00Z,2026-06-20T00:00:00Z
300,300,41,DOWN,2026-06-20T00:00:00Z,2026-06-20T00:00:00Z
301,1,79,UP,2026-06-20T00:00:00Z,2026-06-20T00:00:00Z
302,2,80,UP,2026-06-20T00:00:00Z,2026-06-20T00:00:00Z
303,3,81,UP,2026-06-20T00:00:00Z,2026-06-20T00:00:00Z
304,4,82,DOWN,2026-06-20T00:00:00Z,2026-06-20T00:00:00Z
305,5,83,UP,2026-06-20T00:00:00Z,2026-06-20T00:00:00Z
306,6,84,UP,2026-06-20T00:00:00Z,2026-06-20T00:00:00Z
307,7,85,UP,2026-06-20T00:00:00Z,2026-06-20T00:00:00Z
308,8,86,UP,2026-06-20T00:00:00Z,2026-06-20T00:00:00Z
309,9,87,DOWN,2026-06-20T00:00:00Z,2026-06-20T00:00:00Z
310,10,88,UP,2026-06-20T00:00:00Z,2026-06-20T00:00:00Z
311,11,89,UP,2026-06-20T00:00:00Z,2026-06-20T00:00:00Z
312,12,90,UP,2026-06-20T00:00:00Z,2026-06-20T00:00:00Z
313,13,91,UP,2026-06-20T00:00:00Z,2026-06-20T00:00:00Z
314,14,92,DOWN,2026-06-20T00:00:00Z,2026-06-20T00:00:00Z
315,15,93,UP,2026-06-20T00:00:00Z,2026-06-20T00:00:00Z
316,16,94,UP,2026-06-20T00:00:00Z,2026-06-20T00:00:00Z
317,17,95,UP,2026-06-20T00:00:00Z,2026-06-20T00:00:00Z
318,18,96,UP,2026-06-20T00:00:00Z,2026-06-20T00:00:00Z
319,19,97,DOWN,2026-06-20T00:00:00Z,2026-06-20T00:00:00Z
320,20,98,UP,2026-06-20T00:00:00Z,2026-06-20T00:00:00Z
321,21,99,UP,2026-06-20T00:00:00Z,2026-06-20T00:00:00Z
322,22,100,UP,2026-06-20T00:00:00Z,2026-06-20T00:00:00Z
323,23,101,UP,2026-06-20T00:00:00Z,2026-06-20T00:00:00Z
324,24,102,DOWN,2026-06-20T00:00:00Z,2026-06-20T00:00:00Z
325,25,103,UP,2026-06-20T00:00:00Z,2026-06-20T00:00:00Z
326,26,104,UP,2026-06-20T00:00:00Z,2026-06-20T00:00:00Z
327,27,105,UP,2026-06-20T00:00:00Z,2026-06-20T00:00:00Z
328,28,106,UP,2026-06-20T00:00:00Z,2026-06-20T00:00:00Z
329,29,107,DOWN,2026-06-20T00:00:00Z,2026-06-20T00:00:00Z
330,30,108,UP,2026-06-20T00:00:00Z,2026-06-20T00:00:00Z
331,31,109,UP,2026-06-20T00:00:00Z,2026-06-20T00:00:00Z
332,32,110,UP,2026-06-20T00:00:00Z,2026-06-20T00:00:00Z
333,33,111,UP,2026-06-20T00:00:00Z,2026-06-20T00:00:00Z
334,34,112,DOWN,2026-06-20T00:00:00Z,2026-06-20T00:00:00Z
335,35,113,UP,2026-06-20T00:00:00Z,2026-06-20T00:00:00Z
336,36,114,UP,2026-06-20T00:00:00Z,2026-06-20T00:00:00Z
337,37,115,UP,2026-06-20T00:00:00Z,2026-06-20T00:00:00Z
338,38,116,UP,2026-06-20T00:00:00Z,2026-06-20T00:00:00Z
339,39,117,DOWN,2026-06-20T00:00:00Z,2026-06-20T00:00:00Z
340,40,118,UP,2026-06-20T00:00:00Z,2026-06-20T00:00:00Z
341,41,119,UP,2026-06-20T00:00:00Z,2026-06-20T00:00:00Z
342,42,120,UP,2026-06-20T00:00:00Z,2026-06-20T00:00:00Z
343,43,121,UP,2026-06-20T00:00:00Z,2026-06-20T00:00:00Z
344,44,122,DOWN,2026-06-20T00:00:00Z,2026-06-20T00:00:00Z
345,45,123,UP,2026-06-20T00:00:00Z,2026-06-20T00:00:00Z
346,46,124,UP,2026-06-20T00:00:00Z,2026-06-20T00:00:00Z
347,47,125,UP,2026-06-20T00:00:00Z,2026-06-20T00:00:00Z
348,48,126,UP,2026-06-20T00:00:00Z,2026-06-20T00:00:00Z
349,49,127,DOWN,2026-06-20T00:00:00Z,2026-06-20T00:00:00Z
350,50,128,UP,2026-06-20T00:00:00Z,2026-06-20T00:00:00Z
351,51,129,UP,2026-06-20T00:00:00Z,2026-06-20T00:00:00Z
352,52,130,UP,2026-06-20T00:00:00Z,2026-06-20T00:00:00Z
353,53,131,UP,2026-06-20T00:00:00Z,2026-06-20T00:00:00Z
354,54,132,DOWN,2026-06-20T00:00:00Z,2026-06-20T00:00:00Z
355,55,133,UP,2026-06-20T00:00:00Z,2026-06-20T00:00:00Z
356,56,134,UP,2026-06-20T00:00:00Z,2026-06-20T00:00:00Z
357,57,135,UP,2026-06-20T00:00:00Z,2026-06-20T00:00:00Z
358,58,136,UP,2026-06-20T00:00:00Z,2026-06-20T00:00:00Z
359,59,137,DOWN,2026-06-20T00:00:00Z,2026-06-20T00:00:00Z
360,60,138,UP,2026-06-20T00:00:00Z,2026-06-20T00:00:00Z
361,61,139,UP,2026-06-20T00:00:00Z,2026-06-20T00:00:00Z
362,62,140,UP,2026-06-20T00:00:00Z,2026-06-20T00:00:00Z
363,63,41,UP,2026-06-20T00:00:00Z,2026-06-20T00:00:00Z
364,64,42,DOWN,2026-06-20T00:00:00Z,2026-06-20T00:00:00Z
365,65,43,UP,2026-06-20T00:00:00Z,2026-06-20T00:00:00Z
366,66,44,UP,2026-06-20T00:00:00Z,2026-06-20T00:00:00Z
367,67,45,UP,2026-06-20T00:00:00Z,2026-06-20T00:00:00Z
368,68,46,UP,2026-06-20T00:00:00Z,2026-06-20T00:00:00Z
369,69,47,DOWN,2026-06-20T00:00:00Z,2026-06-20T00:00:00Z
370,70,48,UP,2026-06-20T00:00:00Z,2026-06-20T00:00:00Z
371,71,49,UP,2026-06-20T00:00:00Z,2026-06-20T00:00:00Z
372,72,50,UP,2026-06-20T00:00:00Z,2026-06-20T00:00:00Z
373,73,51,UP,2026-06-20T00:00:00Z,2026-06-20T00:00:00Z
374,74,52,DOWN,2026-06-20T00:00:00Z,2026-06-20T00:00:00Z
375,75,53,UP,2026-06-20T00:00:00Z,2026-06-20T00:00:00Z
376,76,54,UP,2026-06-20T00:00:00Z,2026-06-20T00:00:00Z
377,77,55,UP,2026-06-20T00:00:00Z,2026-06-20T00:00:00Z
378,78,56,UP,2026-06-20T00:00:00Z,2026-06-20T00:00:00Z
379,79,57,DOWN,2026-06-20T00:00:00Z,2026-06-20T00:00:00Z
380,80,58,UP,2026-06-20T00:00:00Z,2026-06-20T00:00:00Z
381,81,59,UP,2026-06-20T00:00:00Z,2026-06-20T00:00:00Z
382,82,60,UP,2026-06-20T00:00:00Z,2026-06-20T00:00:00Z
383,83,61,UP,2026-06-20T00:00:00Z,2026-06-20T00:00:00Z
384,84,62,DOWN,2026-06-20T00:00:00Z,2026-06-20T00:00:00Z
385,85,63,UP,2026-06-20T00:00:00Z,2026-06-20T00:00:00Z
386,86,64,UP,2026-06-20T00:00:00Z,2026-06-20T00:00:00Z
387,87,65,UP,2026-06-20T00:00:00Z,2026-06-20T00:00:00Z
388,88,66,UP,2026-06-20T00:00:00Z,2026-06-20T00:00:00Z
389,89,67,DOWN,2026-06-20T00:00:00Z,2026-06-20T00:00:00Z
390,90,68,UP,2026-06-20T00:00:00Z,2026-06-20T00:00:00Z
391,91,69,UP,2026-06-20T00:00:00Z,2026-06-20T00:00:00Z
392,92,70,UP,2026-06-20T00:00:00Z,2026-06-20T00:00:00Z
393,93,71,UP,2026-06-20T00:00:00Z,2026-06-20T00:00:00Z
394,94,72,DOWN,2026-06-20T00:00:00Z,2026-06-20T00:00:00Z
395,95,73,UP,2026-06-20T00:00:00Z,2026-06-20T00:00:00Z
396,96,74,UP,2026-06-20T00:00:00Z,2026-06-20T00:00:00Z
397,97,75,UP,2026-06-20T00:00:00Z,2026-06-20T00:00:00Z
398,98,76,UP,2026-06-20T00:00:00Z,2026-06-20T00:00:00Z
399,99,77,DOWN,2026-06-20T00:00:00Z,2026-06-20T00:00:00Z
400,100,78,UP,2026-06-20T00:00:00Z,2026-06-20T00:00:00Z
401,101,79,UP,2026-06-20T00:00:00Z,2026-06-20T00:00:00Z
402,102,80,UP,2026-06-20T00:00:00Z,2026-06-20T00:00:00Z
403,103,81,UP,2026-06-20T00:00:00Z,2026-06-20T00:00:00Z
404,104,82,DOWN,2026-06-20T00:00:00Z,2026-06-20T00:00:00Z
405,105,83,UP,2026-06-20T00:00:00Z,2026-06-20T00:00:00Z
406,106,84,UP,2026-06-20T00:00:00Z,2026-06-20T00:00:00Z
407,107,85,UP,2026-06-20T00:00:00Z,2026-06-20T00:00:00Z
408,108,86,UP,2026-06-20T00:00:00Z,2026-06-20T00:00:00Z
409,109,87,DOWN,2026-06-20T00:00:00Z,2026-06-20T00:00:00Z
410,110,88,UP,2026-06-20T00:00:00Z,2026-06-20T00:00:00Z
411,111,89,UP,2026-06-20T00:00:00Z,2026-06-20T00:00:00Z
412,112,90,UP,2026-06-20T00:00:00Z,2026-06-20T00:00:00Z
413,113,91,UP,2026-06-20T00:00:00Z,2026-06-20T00:00:00Z
414,114,92,DOWN,2026-06-20T00:00:00Z,2026-06-20T00:00:00Z
415,115,93,UP,2026-06-20T00:00:00Z,2026-06-20T00:00:00Z
416,116,94,UP,2026-06-20T00:00:00Z,2026-06-20T00:00:00Z
417,117,95,UP,2026-06-20T00:00:00Z,2026-06-20T00:00:00Z
418,118,96,UP,2026-06-20T00:00:00Z,2026-06-20T00:00:00Z
419,119,97,DOWN,2026-06-20T00:00:00Z,2026-06-20T00:00:00Z
420,120,98,UP,2026-06-20T00:00:00Z,2026-06-20T00:00:00Z
421,121,99,UP,2026-06-20T00:00:00Z,2026-06-20T00:00:00Z
422,122,100,UP,2026-06-20T00:00:00Z,2026-06-20T00:00:00Z
423,123,101,UP,2026-06-20T00:00:00Z,2026-06-20T00:00:00Z
424,124,102,DOWN,2026-06-20T00:00:00Z,2026-06-20T00:00:00Z
425,125,103,UP,2026-06-20T00:00:00Z,2026-06-20T00:00:00Z
426,126,104,UP,2026-06-20T00:00:00Z,2026-06-20T00:00:00Z
427,127,105,UP,2026-06-20T00:00:00Z,2026-06-20T00:00:00Z
428,128,106,UP,2026-06-20T00:00:00Z,2026-06-20T00:00:00Z
429,129,107,DOWN,2026-06-20T00:00:00Z,2026-06-20T00:00:00Z
430,130,108,UP,2026-06-20T00:00:00Z,2026-06-20T00:00:00Z
431,131,109,UP,2026-06-20T00:00:00Z,2026-06-20T00:00:00Z
432,132,110,UP,2026-06-20T00:00:00Z,2026-06-20T00:00:00Z
433,133,111,UP,2026-06-20T00:00:00Z,2026-06-20T00:00:00Z
434,134,112,DOWN,2026-06-20T00:00:00Z,2026-06-20T00:00:00Z
435,135,113,UP,2026-06-20T00:00:00Z,2026-06-20T00:00:00Z
436,136,114,UP,2026-06-20T00:00:00Z,2026-06-20T00:00:00Z
437,137,115,UP,2026-06-20T00:00:00Z,2026-06-20T00:00:00Z
438,138,116,UP,2026-06-20T00:00:00Z,2026-06-20T00:00:00Z
439,139,117,DOWN,2026-06-20T00:00:00Z,2026-06-20T00:00:00Z
440,140,118,UP,2026-06-20T00:00:00Z,2026-06-20T00:00:00Z
441,141,119,UP,2026-06-20T00:00:00Z,2026-06-20T00:00:00Z
442,142,120,UP,2026-06-20T00:00:00Z,2026-06-20T00:00:00Z
443,143,121,UP,2026-06-20T00:00:00Z,2026-06-20T00:00:00Z
444,144,122,DOWN,2026-06-20T00:00:00Z,2026-06-20T00:00:00Z
445,145,123,UP,2026-06-20T00:00:00Z,2026-06-20T00:00:00Z
446,146,124,UP,2026-06-20T00:00:00Z,2026-06-20T00:00:00Z
447,147,125,UP,2026-06-20T00:00:00Z,2026-06-20T00:00:00Z
448,148,126,UP,2026-06-20T00:00:00Z,2026-06-20T00:00:00Z
449,149,127,DOWN,2026-06-20T00:00:00Z,2026-06-20T00:00:00Z
450,150,128,UP,2026-06-20T00:00:00Z,2026-06-20T00:00:00Z
451,151,129,UP,2026-06-20T00:00:00Z,2026-06-20T00:00:00Z
452,152,130,UP,2026-06-20T00:00:00Z,2026-06-20T00:00:00Z
453,153,131,UP,2026-06-20T00:00:00Z,2026-06-20T00:00:00Z
454,154,132,DOWN,2026-06-20T00:00:00Z,2026-06-20T00:00:00Z
455,155,133,UP,2026-06-20T00:00:00Z,2026-06-20T00:00:00Z
456,156,134,UP,2026-06-20T00:00:00Z,2026-06-20T00:00:00Z
457,157,135,UP,2026-06-20T00:00:00Z,2026-06-20T00:00:00Z
458,158,136,UP,2026-06-20T00:00:00Z,2026-06-20T00:00:00Z
459,159,137,DOWN,2026-06-20T00:00:00Z,2026-06-20T00:00:00Z
460,160,138,UP,2026-06-20T00:00:00Z,2026-06-20T00:00:00Z
461,161,139,UP,2026-06-20T00:00:00Z,2026-06-20T00:00:00Z
462,162,140,UP,2026-06-20T00:00:00Z,2026-06-20T00:00:00Z
463,163,41,UP,2026-06-20T00:00:00Z,2026-06-20T00:00:00Z
464,164,42,DOWN,2026-06-20T00:00:00Z,2026-06-20T00:00:00Z
465,165,43,UP,2026-06-20T00:00:00Z,2026-06-20T00:00:00Z
466,166,44,UP,2026-06-20T00:00:00Z,2026-06-20T00:00:00Z
467,167,45,UP,2026-06-20T00:00:00Z,2026-06-20T00:00:00Z
468,168,46,UP,2026-06-20T00:00:00Z,2026-06-20T00:00:00Z
469,169,47,DOWN,2026-06-20T00:00:00Z,2026-06-20T00:00:00Z
470,170,48,UP,2026-06-20T00:00:00Z,2026-06-20T00:00:00Z
471,171,49,UP,2026-06-20T00:00:00Z,2026-06-20T00:00:00Z
472,172,50,UP,2026-06-20T00:00:00Z,2026-06-20T00:00:00Z
473,173,51,UP,2026-06-20T00:00:00Z,2026-06-20T00:00:00Z
474,174,52,DOWN,2026-06-20T00:00:00Z,2026-06-20T00:00:00Z
475,175,53,UP,2026-06-20T00:00:00Z,2026-06-20T00:00:00Z
476,176,54,UP,2026-06-20T00:00:00Z,2026-06-20T00:00:00Z
477,177,55,UP,2026-06-20T00:00:00Z,2026-06-20T00:00:00Z
478,178,56,UP,2026-06-20T00:00:00Z,2026-06-20T00:00:00Z
479,179,57,DOWN,2026-06-20T00:00:00Z,2026-06-20T00:00:00Z
480,180,58,UP,2026-06-20T00:00:00Z,2026-06-20T00:00:00Z
481,181,59,UP,2026-06-20T00:00:00Z,2026-06-20T00:00:00Z
482,182,60,UP,2026-06-20T00:00:00Z,2026-06-20T00:00:00Z
483,183,61,UP,2026-06-20T00:00:00Z,2026-06-20T00:00:00Z
484,184,62,DOWN,2026-06-20T00:00:00Z,2026-06-20T00:00:00Z
485,185,63,UP,2026-06-20T00:00:00Z,2026-06-20T00:00:00Z
486,186,64,UP,2026-06-20T00:00:00Z,2026-06-20T00:00:00Z
487,187,65,UP,2026-06-20T00:00:00Z,2026-06-20T00:00:00Z
488,188,66,UP,2026-06-20T00:00:00Z,2026-06-20T00:00:00Z
489,189,67,DOWN,2026-06-20T00:00:00Z,2026-06-20T00:00:00Z
490,190,68,UP,2026-06-20T00:00:00Z,2026-06-20T00:00:00Z
491,191,69,UP,2026-06-20T00:00:00Z,2026-06-20T00:00:00Z
492,192,70,UP,2026-06-20T00:00:00Z,2026-06-20T00:00:00Z
493,193,71,UP,2026-06-20T00:00:00Z,2026-06-20T00:00:00Z
494,194,72,DOWN,2026-06-20T00:00:00Z,2026-06-20T00:00:00Z
495,195,73,UP,2026-06-20T00:00:00Z,2026-06-20T00:00:00Z
496,196,74,UP,2026-06-20T00:00:00Z,2026-06-20T00:00:00Z
497,197,75,UP,2026-06-20T00:00:00Z,2026-06-20T00:00:00Z
498,198,76,UP,2026-06-20T00:00:00Z,2026-06-20T00:00:00Z
499,199,77,DOWN,2026-06-20T00:00:00Z,2026-06-20T00:00:00Z
500,200,78,UP,2026-06-20T00:00:00Z,2026-06-20T00:00:00Z
501,201,79,UP,2026-06-20T00:00:00Z,2026-06-20T00:00:00Z
502,202,80,UP,2026-06-20T00:00:00Z,2026-06-20T00:00:00Z
503,203,81,UP,2026-06-20T00:00:00Z,2026-06-20T00:00:00Z
504,204,82,DOWN,2026-06-20T00:00:00Z,2026-06-20T00:00:00Z
505,205,83,UP,2026-06-20T00:00:00Z,2026-06-20T00:00:00Z
506,206,84,UP,2026-06-20T00:00:00Z,2026-06-20T00:00:00Z
507,207,85,UP,2026-06-20T00:00:00Z,2026-06-20T00:00:00Z
508,208,86,UP,2026-06-20T00:00:00Z,2026-06-20T00:00:00Z
509,209,87,DOWN,2026-06-20T00:00:00Z,2026-06-20T00:00:00Z
510,210,88,UP,2026-06-20T00:00:00Z,2026-06-20T00:00:00Z
511,211,89,UP,2026-06-20T00:00:00Z,2026-06-20T00:00:00Z
512,212,90,UP,2026-06-20T00:00:00Z,2026-06-20T00:00:00Z
513,213,91,UP,2026-06-20T00:00:00Z,2026-06-20T00:00:00Z
514,214,92,DOWN,2026-06-20T00:00:00Z,2026-06-20T00:00:00Z
515,215,93,UP,2026-06-20T00:00:00Z,2026-06-20T00:00:00Z
516,216,94,UP,2026-06-20T00:00:00Z,2026-06-20T00:00:00Z
517,217,95,UP,2026-06-20T00:00:00Z,2026-06-20T00:00:00Z
518,218,96,UP,2026-06-20T00:00:00Z,2026-06-20T00:00:00Z
519,219,97,DOWN,2026-06-20T00:00:00Z,2026-06-20T00:00:00Z
520,220,98,UP,2026-06-20T00:00:00Z,2026-06-20T00:00:00Z
521,221,99,UP,2026-06-20T00:00:00Z,2026-06-20T00:00:00Z
522,222,100,UP,2026-06-20T00:00:00Z,2026-06-20T00:00:00Z
523,223,101,UP,2026-06-20T00:00:00Z,2026-06-20T00:00:00Z
524,224,102,DOWN,2026-06-20T00:00:00Z,2026-06-20T00:00:00Z
525,225,103,UP,2026-06-20T00:00:00Z,2026-06-20T00:00:00Z
526,226,104,UP,2026-06-20T00:00:00Z,2026-06-20T00:00:00Z
527,227,105,UP,2026-06-20T00:00:00Z,2026-06-20T00:00:00Z
528,228,106,UP,2026-06-20T00:00:00Z,2026-06-20T00:00:00Z
529,229,107,DOWN,2026-06-20T00:00:00Z,2026-06-20T00:00:00Z
530,230,108,UP,2026-06-20T00:00:00Z,2026-06-20T00:00:00Z
531,231,109,UP,2026-06-20T00:00:00Z,2026-06-20T00:00:00Z
532,232,110,UP,2026-06-20T00:00:00Z,2026-06-20T00:00:00Z
533,233,111,UP,2026-06-20T00:00:00Z,2026-06-20T00:00:00Z
534,234,112,DOWN,2026-06-20T00:00:00Z,2026-06-20T00:00:00Z
535,235,113,UP,2026-06-20T00:00:00Z,2026-06-20T00:00:00Z
536,236,114,UP,2026-06-20T00:00:00Z,2026-06-20T00:00:00Z
537,237,115,UP,2026-06-20T00:00:00Z,2026-06-20T00:00:00Z
538,238,116,UP,2026-06-20T00:00:00Z,2026-06-20T00:00:00Z
539,239,117,DOWN,2026-06-20T00:00:00Z,2026-06-20T00:00:00Z
540,240,118,UP,2026-06-20T00:00:00Z,2026-06-20T00:00:00Z
541,241,119,UP,2026-06-20T00:00:00Z,2026-06-20T00:00:00Z
542,242,120,UP,2026-06-20T00:00:00Z,2026-06-20T00:00:00Z
543,243,121,UP,2026-06-20T00:00:00Z,2026-06-20T00:00:00Z
544,244,122,DOWN,2026-06-20T00:00:00Z,2026-06-20T00:00:00Z
545,245,123,UP,2026-06-20T00:00:00Z,2026-06-20T00:00:00Z
546,246,124,UP,2026-06-20T00:00:00Z,2026-06-20T00:00:00Z
547,247,125,UP,2026-06-20T00:00:00Z,2026-06-20T00:00:00Z
548,248,126,UP,2026-06-20T00:00:00Z,2026-06-20T00:00:00Z
549,249,127,DOWN,2026-06-20T00:00:00Z,2026-06-20T00:00:00Z
550,250,128,UP,2026-06-20T00:00:00Z,2026-06-20T00:00:00Z
551,251,129,UP,2026-06-20T00:00:00Z,2026-06-20T00:00:00Z
552,252,130,UP,2026-06-20T00:00:00Z,2026-06-20T00:00:00Z
553,253,131,UP,2026-06-20T00:00:00Z,2026-06-20T00:00:00Z
554,254,132,DOWN,2026-06-20T00:00:00Z,2026-06-20T00:00:00Z
555,255,133,UP,2026-06-20T00:00:00Z,2026-06-20T00:00:00Z
556,256,134,UP,2026-06-20T00:00:00Z,2026-06-20T00:00:00Z
557,257,135,UP,2026-06-20T00:00:00Z,2026-06-20T00:00:00Z
558,258,136,UP,2026-06-20T00:00:00Z,2026-06-20T00:00:00Z
559,259,137,DOWN,2026-06-20T00:00:00Z,2026-06-20T00:00:00Z
560,260,138,UP,2026-06-20T00:00:00Z,2026-06-20T00:00:00Z
561,261,139,UP,2026-06-20T00:00:00Z,2026-06-20T00:00:00Z
562,262,140,UP,2026-06-20T00:00:00Z,2026-06-20T00:00:00Z
563,263,41,UP,2026-06-20T00:00:00Z,2026-06-20T00:00:00Z
564,264,42,DOWN,2026-06-20T00:00:00Z,2026-06-20T00:00:00Z
565,265,43,UP,2026-06-20T00:00:00Z,2026-06-20T00:00:00Z
566,266,44,UP,2026-06-20T00:00:00Z,2026-06-20T00:00:00Z
567,267,45,UP,2026-06-20T00:00:00Z,2026-06-20T00:00:00Z
568,268,46,UP,2026-06-20T00:00:00Z,2026-06-20T00:00:00Z
569,269,47,DOWN,2026-06-20T00:00:00Z,2026-06-20T00:00:00Z
570,270,48,UP,2026-06-20T00:00:00Z,2026-06-20T00:00:00Z
571,271,49,UP,2026-06-20T00:00:00Z,2026-06-20T00:00:00Z
572,272,50,UP,2026-06-20T00:00:00Z,2026-06-20T00:00:00Z
573,273,51,UP,2026-06-20T00:00:00Z,2026-06-20T00:00:00Z
574,274,52,DOWN,2026-06-20T00:00:00Z,2026-06-20T00:00:00Z
575,275,53,UP,2026-06-20T00:00:00Z,2026-06-20T00:00:00Z
576,276,54,UP,2026-06-20T00:00:00Z,2026-06-20T00:00:00Z
577,277,55,UP,2026-06-20T00:00:00Z,2026-06-20T00:00:00Z
578,278,56,UP,2026-06-20T00:00:00Z,2026-06-20T00:00:00Z
579,279,57,DOWN,2026-06-20T00:00:00Z,2026-06-20T00:00:00Z
580,280,58,UP,2026-06-20T00:00:00Z,2026-06-20T00:00:00Z
581,281,59,UP,2026-06-20T00:00:00Z,2026-06-20T00:00:00Z
582,282,60,UP,2026-06-20T00:00:00Z,2026-06-20T00:00:00Z
583,283,61,UP,2026-06-20T00:00:00Z,2026-06-20T00:00:00Z
584,284,62,DOWN,2026-06-20T00:00:00Z,2026-06-20T00:00:00Z
585,285,63,UP,2026-06-20T00:00:00Z,2026-06-20T00:00:00Z
586,286,64,UP,2026-06-20T00:00:00Z,2026-06-20T00:00:00Z
587,287,65,UP,2026-06-20T00:00:00Z,2026-06-20T00:00:00Z
588,288,66,UP,2026-06-20T00:00:00Z,2026-06-20T00:00:00Z
589,289,67,DOWN,2026-06-20T00:00:00Z,2026-06-20T00:00:00Z
590,290,68,UP,2026-06-20T00:00:00Z,2026-06-20T00:00:00Z
591,291,69,UP,2026-06-20T00:00:00Z,2026-06-20T00:00:00Z
592,292,70,UP,2026-06-20T00:00:00Z,2026-06-20T00:00:00Z
593,293,71,UP,2026-06-20T00:00:00Z,2026-06-20T00:00:00Z
594,294,72,DOWN,2026-06-20T00:00:00Z,2026-06-20T00:00:00Z
595,295,73,UP,2026-06-20T00:00:00Z,2026-06-20T00:00:00Z
596,296,74,UP,2026-06-20T00:00:00Z,2026-06-20T00:00:00Z
597,297,75,UP,2026-06-20T00:00:00Z,2026-06-20T00:00:00Z
598,298,76,UP,2026-06-20T00:00:00Z,2026-06-20T00:00:00Z
599,299,77,DOWN,2026-06-20T00:00:00Z,2026-06-20T00:00:00Z
600,300,78,UP,2026-06-20T00:00:00Z,2026-06-20T00:00:00Z
